{
  "timestamp": "2026-01-19T19:47:12.676698",
  "experiment": "Final_Best_Model",
  "results": {
    "Climate+COATI-v1": {
      "mae": 40070.48828125,
      "rmse": 70835.53125,
      "r2": 0.5256096124649048
    },
    "Climate+COATI-v2": {
      "mae": 36653.66796875,
      "rmse": 65589.6640625,
      "r2": 0.5932717323303223
    },
    "Climate-only": {
      "mae": 33317.23828125,
      "rmse": 58549.76953125,
      "r2": 0.6758963465690613
    },
    "Ensemble": {
      "mae": 33317.23455011171,
      "rmse": 58549.768154665864,
      "r2": 0.675896350187368
    }
  },
  "best_model": "Ensemble",
  "best_mae": 33317.23455011171,
  "best_r2": 0.675896350187368,
  "ensemble_weights": [
    0.0,
    0.0,
    1.0
  ]
}