{
  "timestamp": "2026-01-19T12:55:39.139732",
  "experiment": "GNN_COATI_Hybrid",
  "train_samples": 24829,
  "test_samples": 3413,
  "coati_params": {
    "learning_rate": 0.004442404314988617,
    "hidden_units_1": 19,
    "hidden_units_2": 13,
    "dropout": 0.5,
    "climate_threshold": 0.8,
    "best_mae": 76276.4765625
  },
  "results": {
    "MLP Baseline": {
      "mae": 68547.35639237841,
      "rmse": 100598.71098047576,
      "r2": 0.04320615782823478
    },
    "Geographic GNN": {
      "mae": 67875.41722710042,
      "rmse": 101425.72232938268,
      "r2": 0.027410093043114703
    },
    "Climate GNN": {
      "mae": 68046.17605250147,
      "rmse": 100981.01638292616,
      "r2": 0.035920129954234103
    },
    "Climate GNN-COATI": {
      "mae": 67607.8111609105,
      "rmse": 101576.54501173961,
      "r2": 0.024515409522579246
    },
    "CR-GNN": {
      "mae": 68417.19260456343,
      "rmse": 101011.42729404788,
      "r2": 0.03533936808428695
    },
    "DANN": {
      "mae": 68360.17609141518,
      "rmse": 100584.66519887075,
      "r2": 0.043473317894873964
    },
    "GNN-COATI Ensemble": {
      "mae": 67607.8111609105,
      "rmse": 101576.54501173961,
      "r2": 0.024515409522579246
    }
  }
}