{
  "timestamp": "2026-03-04T17:22:16.074016",
  "dataset": {
    "total": 28242,
    "train": 22593,
    "test": 5649
  },
  "hogm_config": {
    "lr": 0.0022474460418051502,
    "hidden_dim": 94,
    "d_state": 20,
    "n_layers": 2,
    "dropout": 0.08174251072487465
  },
  "apo_history": [
    0.1345708668231964,
    0.10829458385705948,
    0.09761947393417358,
    0.09761947393417358
  ],
  "models": {
    "Random Forest": {
      "MAE": 3749.2084835489063,
      "RMSE": 10057.31727518784,
      "R\u00b2": 0.9860553894386093,
      "MAPE (%)": 7.815720360219869
    },
    "XGBoost": {
      "MAE": 5237.7939453125,
      "RMSE": 10900.372837660187,
      "R\u00b2": 0.9836195707321167,
      "MAPE (%)": 13.085000038146973
    },
    "MLP": {
      "MAE": 14025.8759765625,
      "RMSE": 26549.984858752745,
      "R\u00b2": 0.90282142162323,
      "MAPE (%)": 23.84918975830078
    },
    "GCN": {
      "MAE": 15527.921875,
      "RMSE": 28021.716150157543,
      "R\u00b2": 0.8917490839958191,
      "MAPE (%)": 28.774404525756836
    },
    "Graph-Mamba": {
      "MAE": 15996.1767578125,
      "RMSE": 29324.88799637605,
      "R\u00b2": 0.881446361541748,
      "MAPE (%)": 22.307119369506836
    },
    "HOGM-APO": {
      "MAE": 7594.43017578125,
      "RMSE": 15006.898680273684,
      "R\u00b2": 0.9689527153968811,
      "MAPE (%)": 11.895370483398438
    }
  },
  "times": {
    "Random Forest": 1.3271069526672363,
    "XGBoost": 0.4468841552734375,
    "MLP": 12.283588886260986,
    "GCN": 9.179220914840698,
    "Graph-Mamba": 21.3662052154541,
    "HOGM-APO": 406.72851824760437
  }
}